Month,VENDOR CODE,Vendor Name,Sales,Txn Count,ABS Shipping Variance,Avg Order Handling time,Pre-fulfillment Cancellation,Pricing Mismatch,Non-AMZ.com Sales,YTD Sales,YTD Purchase Cost,YTD Sales Return,YTD CM,Shipping Type,Total Active SKU,SKU with VV in BuyBox,YTD Sales Target,YTD CM Target,Credit Terms,Accepts Sales Returns,Exclusive Sales,Gross Margin %,BuyBox Win Rate %,Avg Order Handing Time,Pre-fulfillment Cancellations %,Credit Terms Final,Pricing Mismatch %,Returns Terms Final,Shipping provided by Vendor (SPV) Final,Abs Shipping Variance / Sales %,Exclusive SKU Sales / Total Sales %,Contribution Margin Bridge Gap %,Sales Return Rate %,% of Non Amazon.com Sales,Gross Margin Score,BuyBox Win Rate Score,Operational Performance - Handling Time,Operational Performance - Pre-fulfillment cancellations,Operational Performance - Credit Terms,Operational Performance - Pricing Update Errors,Operational Performance - Accepts Returns,Operational Performance - Vendor-account shipping,Operational Performance - Shipping cost variance,Operational Performance - Exclusivity,Operational Performance Total,Contribution Margin Bridge Gap,Sales Return Rate Score,Non-Amazon.com Sales Score,TOTAL SCORE
Aug-24,ZLIN,Zline Kitchen,203294,214,281,2.01,6,151,4100,869137,668275,44958,110010,SPV,0,0,1050000,84000,FALSE,TRUE,0,23.11,0,2.01,2.8,No Credit,70.56,Yes,TRUE,0.14,0,130.96,5.17,2.02,0,8,1,3,0,0,3,3,3,0,13,26,6,0,53
Aug-24,SCSP,School Specialty,186146,1650,6861,2.93,37,7,15239,378341,256154,8794,30850,VV,831,367,1050000,84000,FALSE,TRUE,0,32.3,44.16,2.93,2.24,No Credit,0.42,Yes,FALSE,3.69,0,36.73,2.32,8.19,0,15,0,3,0,3,3,0,0,0,9,0,10,2,36
Aug-24,VIDA,vidaXL,165993,1051,1544,1.92,68,99,55237,1263797,940269,123732,129956,SPV,1614,501,1400000,112000,FALSE,TRUE,0,25.6,31.04,1.92,6.47,No Credit,9.42,Yes,TRUE,0.93,0,116.03,9.79,33.28,2,15,2,2,0,2,3,3,2,0,14,26,0,10,67
Aug-24,EMPS,Extreme Max Products,132610,831,2883,2.01,50,25,8878,2103490,1582417,113200,99924,VV,363,80,1400000,112000,FALSE,TRUE,0,24.77,22.04,2.01,6.02,No Credit,3.01,Yes,FALSE,2.17,0,89.22,5.38,6.69,0,13,1,2,0,3,3,0,1,0,10,20,6,1,50
Aug-24,VICK,Vickerman Company,103364,790,4471,1.31,8,0,9382,225644,139605,28214,12309,VV,1218,618,1400000,112000,FALSE,TRUE,0,38.13,50.74,1.31,1.01,No Credit,0,Yes,FALSE,4.33,0,10.99,12.5,9.08,2,15,3,3,0,3,3,0,0,0,12,0,0,2,31
Aug-24,MODA,Modway,96922,330,1520,1.5,30,76,38719,483059,366681,30299,37625,SPV,580,64,1400000,112000,FALSE,TRUE,0,24.09,11.03,1.5,9.09,No Credit,23.03,Yes,TRUE,1.57,0,33.59,6.27,39.95,1,5,2,1,0,0,3,3,2,0,12,0,5,10,32
Aug-24,ATHL,ATHLETIC CONNECTION,76097,918,437,2.64,20,223,6437,345068,224139,11449,18562,VV,360,109,1050000,84000,FALSE,TRUE,0,35.04,30.28,2.64,2.18,No Credit,24.29,Yes,FALSE,0.57,0,22.1,3.32,8.46,0,15,1,3,0,0,3,0,3,0,9,0,8,2,35
Aug-24,XSPO,Xstatic Pro,70167,233,1798,0.38,6,227,3490,469104,308015,26045,41468,VV,177,93,700000,56000,FALSE,TRUE,0,34.34,52.54,0.38,2.58,No Credit,97.42,Yes,FALSE,2.56,0,74.05,5.55,4.97,0,15,3,3,0,0,3,0,1,0,9,13,6,0,44
Aug-24,EMRY,Emery Jensen,57282,594,3392,1.35,49,168,14716,319282,182515,23875,19873,VV,603,147,700000,56000,FALSE,TRUE,0,42.84,24.38,1.35,8.25,No Credit,28.28,Yes,FALSE,5.92,0,35.49,7.48,25.69,6,15,2,2,0,0,3,0,0,0,7,0,3,10,41
Aug-24,AROW,Arrow Companies LLC,46216,139,958,1.42,2,14,4669,328847,167843,8064,78432,VV,5,4,700000,56000,FALSE,TRUE,0,48.96,80,1.42,1.44,No Credit,10.07,Yes,FALSE,2.07,0,140.06,2.45,10.1,10,15,2,3,0,2,3,0,1,0,11,26,9,3,74
Aug-24,WINT,Wintron Electronics/ Winder industries,39921,83,205,1.7,0,5,481,340983,272260,18942,21340,SPV,143,49,700000,56000,FALSE,TRUE,0,20.15,34.27,1.7,0,No Credit,6.02,Yes,TRUE,0.51,0,38.11,5.56,1.21,0,15,2,3,0,2,3,3,3,0,16,0,6,0,37
Aug-24,GFHC,GF HEALTH PRODUCTS,37147,323,1446,1.27,1,19,5537,222039,145588,9087,13188,VV,216,133,700000,56000,FALSE,TRUE,0,34.43,61.57,1.27,0.31,No Credit,5.88,Yes,FALSE,3.89,0,23.55,4.09,14.9,0,15,3,3,0,2,3,0,0,0,11,0,7,5,38
Aug-24,FULF,THE FULFILLER CENTER LLC,36456,91,144,3.27,10,6,9376,203110,164795,16371,9747,SPV,168,18,700000,56000,FALSE,TRUE,0,18.86,10.71,3.27,10.99,No Credit,6.59,Yes,TRUE,0.4,0,17.4,8.06,25.72,0,4,0,1,0,2,3,3,3,0,12,0,2,10,28
Aug-24,MEDC,MEDCO Corp,28831,328,2930,1.95,3,104,7325,144681,93460,4085,14676,VV,270,31,700000,56000,FALSE,TRUE,0,35.4,11.48,1.95,0.91,No Credit,31.71,Yes,FALSE,10.16,0,26.21,2.82,25.41,0,5,2,3,0,0,3,0,0,0,8,0,9,10,32
Aug-24,SPTA,SPT APPLIANCE INC.,27217,63,430,1.5,0,42,4114,105203,61275,4146,4413,VV,90,13,700000,56000,FALSE,TRUE,0,41.76,14.44,1.5,0,No Credit,66.67,Yes,FALSE,1.58,0,7.88,3.94,15.11,5,7,2,3,0,0,3,0,2,0,10,0,8,5,35
Aug-24,ACDD,ACD Distribution,26438,607,202,2.7,38,541,3168,137132,80733,3574,5953,VV,470,53,350000,28000,FALSE,TRUE,0,41.13,11.28,2.7,6.26,No Credit,89.13,Yes,FALSE,0.76,0,21.26,2.61,11.98,5,5,0,2,0,0,3,0,3,0,8,0,9,3,30
Aug-24,TCHK,TACHIKARA USA INC,20100,136,2077,1.67,2,43,3300,82955,50529,2451,5848,VV,18,3,350000,28000,FALSE,TRUE,0,39.09,16.67,1.67,1.47,No Credit,31.62,Yes,FALSE,10.33,0,20.89,2.95,16.42,3,9,2,3,0,0,3,0,0,0,8,0,9,6,35
Aug-24,DLWH,DL Wholesale Inc,18475,111,666,0.72,3,108,3100,51859,31532,3092,3793,VV,9,5,350000,28000,FALSE,TRUE,0,39.2,55.56,0.72,2.7,No Credit,97.3,Yes,FALSE,3.6,0,13.55,5.96,16.78,3,15,3,3,0,0,3,0,0,0,9,0,5,6,38
Aug-24,FEST,Felix Storch Inc,18074,18,31,4.1,1,10,688,203008,167710,10299,14454,SPV,116,2,350000,28000,FALSE,TRUE,0,17.39,1.72,4.1,5.56,No Credit,55.56,Yes,TRUE,0.17,0,51.62,5.07,3.81,0,0,0,2,0,0,3,3,3,0,11,1,6,0,18
Aug-24,INTC,International Caravan Inc,16934,94,157,2.89,3,45,4312,94742,76103,5168,4069,SPV,190,21,350000,28000,FALSE,TRUE,0,19.67,11.05,2.89,3.19,No Credit,47.87,Yes,TRUE,0.93,0,14.53,5.46,25.46,0,5,0,3,0,0,3,3,2,0,11,0,6,10,32
Aug-24,LUXR,LUXOR,16277,63,282,1.75,0,2,227,219797,135619,4662,17272,VV,85,19,350000,28000,FALSE,TRUE,0,38.3,22.35,1.75,0,No Credit,3.17,Yes,FALSE,1.73,0,61.69,2.12,1.39,2,13,2,3,0,3,3,0,2,0,12,6,10,0,44
Aug-24,CWRE,CWR ELECTRONICS,15523,99,451,1.56,15,1,4681,208115,160325,18080,11057,VV,191,12,350000,28000,FALSE,TRUE,0,22.96,6.28,1.56,15.15,No Credit,1.01,Yes,FALSE,2.9,0,39.49,8.69,30.15,0,1,2,0,0,3,3,0,0,0,8,0,2,10,21
Aug-24,DIGI,Digital Complex Inc.,15073,19,222,2.47,0,0,2267,27826,16940,4649,1947,VV,0,0,350000,28000,FALSE,TRUE,0,39.12,0,2.47,0,No Credit,0,Yes,FALSE,1.47,0,6.95,16.71,15.04,3,8,1,3,0,3,3,0,2,0,12,0,0,5,28
Aug-24,QRWE,Queller Wholesale,14919,40,294,2.38,0,19,1488,84110,63075,2405,3154,VV,71,22,350000,28000,FALSE,TRUE,0,25.01,30.99,2.38,0,No Credit,47.5,Yes,FALSE,1.97,0,11.26,2.86,9.98,0,15,1,3,0,0,3,0,1,0,8,0,9,2,34
Aug-24,EVRI,EV RIDER LLC,14756,7,0,3.47,0,0,12861,23822,15474,5683,4763,SPV,0,0,350000,28000,FALSE,TRUE,0,35.04,0,3.47,0,No Credit,0,Yes,TRUE,0,0,17.01,23.86,87.16,9,8,0,3,0,3,3,3,3,0,15,0,0,10,42
Aug-24,DRME,DRIVE MEDICAL,14279,99,179,1.63,16,25,3739,188937,147376,12944,13045,SPV,201,21,350000,28000,FALSE,TRUE,0,22,10.45,1.63,16.16,No Credit,25.25,Yes,TRUE,1.25,0,46.59,6.85,26.18,0,4,2,0,0,0,3,3,2,0,10,0,4,10,28
Aug-24,VLCA,vidaXL Canada,14104,80,18,2.45,17,63,14104,54327,44227,4276,2426,SPV,0,0,350000,28000,FALSE,TRUE,0,18.59,0,2.45,21.25,No Credit,78.75,Yes,TRUE,0.13,0,8.66,7.87,100,0,8,1,0,0,0,3,3,3,0,10,0,3,10,31
Aug-24,WITT,Witt Industries,13891,62,457,3.36,11,1,0,91107,58620,3872,8672,VV,61,49,350000,28000,FALSE,TRUE,0,35.66,80.33,3.36,17.74,No Credit,1.61,Yes,FALSE,3.29,0,30.97,4.25,0,0,15,0,0,0,3,3,0,0,0,6,0,7,0,28
Aug-24,WHOI,Wholesale Interiors Inc.,13797,95,555,1.54,22,23,8131,100103,57239,5601,7551,VV,141,17,350000,28000,FALSE,TRUE,0,42.82,12.06,1.54,23.16,No Credit,24.21,Yes,FALSE,4.02,0,26.97,5.6,58.93,6,5,2,0,0,0,3,0,0,0,5,0,6,10,32
Aug-24,AMFC,AMBER Fulfillment Center,13657,83,424,1.09,4,47,0,41489,21168,7028,7287,VV,2,2,350000,28000,FALSE,TRUE,0,48.98,100,1.09,4.82,No Credit,56.63,Yes,FALSE,3.11,0,26.03,16.94,0,10,15,3,2,0,0,3,0,0,0,8,0,0,0,33
Aug-24,BGKI,BANGKIT USA INC.,13626,94,706,0.06,0,0,0,18342,10218,289,1352,VV,40,32,350000,28000,FALSE,TRUE,0,44.29,80,0.06,0,No Credit,0,Yes,FALSE,5.18,0,4.83,1.58,0,7,15,3,3,0,3,3,0,0,0,12,0,10,0,44
Aug-24,PERF,Perfume Worldwide Inc.,13116,457,87,3.18,9,1,13116,73678,42909,3898,5375,VV,0,0,350000,28000,FALSE,TRUE,0,41.76,0,3.18,1.97,No Credit,0.22,Yes,FALSE,0.67,0,19.2,5.29,100,5,8,0,3,0,3,3,0,3,0,12,0,6,10,41
Aug-24,SVST,SilverStone Tech Inc,12451,56,294,0.54,18,9,722,156557,119719,3785,8391,VV,80,9,350000,28000,FALSE,TRUE,0,23.53,11.25,0.54,32.14,No Credit,16.07,Yes,FALSE,2.36,0,29.97,2.42,5.8,0,5,3,0,0,1,3,0,1,0,8,0,9,0,22
Aug-24,MUSP,The Music People A Division of JAM Industries USA LLC,12228,99,920,1.24,6,93,2630,97706,49597,2438,19559,VV,16,7,350000,28000,FALSE,TRUE,0,49.24,43.75,1.24,6.06,No Credit,93.94,Yes,FALSE,7.53,0,69.85,2.49,21.51,11,15,3,2,0,0,3,0,0,0,8,10,9,8,61
Aug-24,JORN,Jofran,12079,55,406,1.77,2,53,1488,134233,70052,18916,15832,VV,201,128,350000,28000,FALSE,TRUE,0,47.81,63.68,1.77,3.64,No Credit,96.36,Yes,FALSE,3.36,0,56.54,14.09,12.32,10,15,2,3,0,0,3,0,0,0,7,3,0,4,40
Aug-24,DESI,Design Imports,11980,327,1248,1.58,10,21,3105,100256,37026,6381,10389,VV,652,52,105000,8400,FALSE,TRUE,0,63.07,7.98,1.58,3.06,No Credit,6.42,Yes,FALSE,10.42,0,123.68,6.36,25.92,15,2,2,3,0,2,3,0,0,0,10,26,5,10,68
Aug-24,BNZR,BENZARA INC,11931,37,670,3.66,1,35,8211,51622,30313,8989,3504,VV,98,14,105000,8400,FALSE,TRUE,0,41.28,14.29,3.66,2.7,No Credit,94.59,Yes,FALSE,5.62,0,41.72,17.41,68.82,5,7,0,3,0,0,3,0,0,0,6,0,0,10,28
Aug-24,ODYS,Odyssey Innovative Designs/ODYUSA,11596,60,277,0.17,2,58,665,77958,51833,5709,7570,VV,4,3,105000,8400,FALSE,TRUE,0,33.51,75,0.17,3.33,No Credit,96.67,Yes,FALSE,2.39,0,90.12,7.32,5.73,0,15,3,3,0,0,3,0,1,0,9,21,3,0,49
Aug-24,CALI,California Air Tools Inc.,11499,33,217,1.13,0,1,417,64033,45239,1064,3765,VV,19,9,105000,8400,FALSE,TRUE,0,29.35,47.37,1.13,0,No Credit,3.03,Yes,FALSE,1.89,0,44.82,1.66,3.63,0,15,3,3,0,3,3,0,1,0,13,0,10,0,38
Aug-24,ACME,Acme Furniture,10613,24,277,0.92,0,0,6717,80194,46404,11103,5899,VV,84,20,105000,8400,FALSE,TRUE,0,42.13,23.81,0.92,0,No Credit,0,Yes,FALSE,2.61,0,70.23,13.84,63.29,5,14,3,3,0,3,3,0,0,0,12,11,0,10,52
Aug-24,LAKE,Lakeland Mills Inc,10479,30,524,1.6,0,2,3047,20073,12799,1,1992,VV,0,0,105000,8400,FALSE,TRUE,0,36.24,0,1.6,0,No Credit,6.67,Yes,FALSE,5,0,23.71,0,29.08,1,8,2,3,0,2,3,0,0,0,10,0,10,10,39
Aug-24,MELR,Melrose International,10060,192,1935,1.8,1,0,2806,41293,28437,3071,-1013,VV,269,94,105000,8400,FALSE,TRUE,0,31.13,34.94,1.8,0.52,No Credit,0,Yes,FALSE,19.24,0,-12.05,7.44,27.89,0,15,2,3,0,3,3,0,0,0,11,0,3,10,39
Aug-24,FRES,RGM Distribution,9903,18,955,2.81,2,0,4550,19354,11598,2429,2282,VV,13,7,105000,8400,FALSE,TRUE,0,40.08,53.85,2.81,11.11,No Credit,0,Yes,FALSE,9.64,0,27.17,12.55,45.95,4,15,0,1,0,3,3,0,0,0,7,0,0,10,36
Aug-24,LITH,Lithco INC,9653,31,109,2.12,0,9,1193,12979,9871,521,512,VV,4,3,105000,8400,FALSE,TRUE,0,23.94,75,2.12,0,No Credit,29.03,Yes,FALSE,1.13,0,6.1,4.02,12.36,0,15,1,3,0,0,3,0,2,0,10,0,7,4,35
Aug-24,ALMO,Almo Corporation,9496,48,291,1.53,1,46,267,52489,34956,2360,2561,VV,13,3,105000,8400,FALSE,TRUE,0,33.4,23.08,1.53,2.08,No Credit,95.83,Yes,FALSE,3.06,0,30.48,4.5,2.81,0,14,2,3,0,0,3,0,0,0,8,0,7,0,29
Aug-24,WHOU,The Wholesale House,9106,83,494,0.6,3,80,1510,72161,45939,5310,4710,VV,119,20,105000,8400,FALSE,TRUE,0,36.34,16.81,0.6,3.61,No Credit,96.39,Yes,FALSE,5.43,0,56.07,7.36,16.59,1,9,3,3,0,0,3,0,0,0,9,3,3,6,31
Aug-24,FANM,Sports Licensing Solutions LLC,8982,87,477,6.66,4,3,521,33390,16972,1139,3415,VV,37,15,105000,8400,FALSE,TRUE,0,49.17,40.54,6.66,4.6,No Credit,3.45,Yes,FALSE,5.31,0,40.65,3.41,5.8,11,15,0,2,0,3,3,0,0,0,8,0,8,0,42
Aug-24,MOCA,Monarch Specialties Canada,8872,37,737,3.1,0,37,8872,29255,17807,1574,-1787,VV,25,1,105000,8400,FALSE,TRUE,0,39.13,4,3.1,0,No Credit,100,Yes,FALSE,8.31,0,-21.28,5.38,100,3,0,0,3,0,0,3,0,0,0,6,0,6,10,25
Aug-24,KNGB,Kingston Brass,8452,50,381,2.43,0,2,4318,90875,61606,7769,6134,VV,322,52,105000,8400,FALSE,TRUE,0,32.21,16.15,2.43,0,No Credit,4,Yes,FALSE,4.5,0,73.02,8.55,51.08,0,8,1,3,0,3,3,0,0,0,10,12,2,10,42
Aug-24,HMWI,The Stock Market,8387,77,0,2.88,2,1,274,50651,31749,5079,6113,VV,49,9,105000,8400,FALSE,TRUE,0,37.32,18.37,2.88,2.6,No Credit,1.3,Yes,FALSE,0,0,72.77,10.03,3.27,2,10,0,3,0,3,3,0,3,0,12,12,0,0,36
Aug-24,ABCH,ABC Hammers Inc.,8316,28,250,0.95,0,0,0,33961,24128,212,1645,VV,33,8,105000,8400,FALSE,TRUE,0,28.95,24.24,0.95,0,No Credit,0,Yes,FALSE,3,0,19.59,0.63,0,0,14,3,3,0,3,3,0,0,0,12,0,10,0,36
Aug-24,COAS,Coaster Co. of America,8300,30,695,0.17,1,10,1195,51060,29978,5046,2927,VV,72,0,105000,8400,FALSE,TRUE,0,41.29,0,0.17,3.33,No Credit,33.33,Yes,FALSE,8.37,0,34.84,9.88,14.4,5,0,3,3,0,0,3,0,0,0,9,0,0,5,19
Aug-24,BLAZ,Blazing Needles,7531,107,226,3.82,2,65,3216,93872,70500,5832,5400,VV,357,21,105000,8400,FALSE,TRUE,0,24.9,5.88,3.82,1.87,No Credit,60.75,Yes,FALSE,3.01,0,64.28,6.21,42.71,0,1,0,3,0,0,3,0,0,0,6,7,5,10,29
Aug-24,WINS,Winsome Trading Inc,7401,51,518,1.25,1,50,1216,140301,72061,5871,13426,VV,184,5,105000,8400,FALSE,TRUE,0,48.64,2.72,1.25,1.96,No Credit,98.04,Yes,FALSE,7,0,159.84,4.18,16.43,10,0,3,3,0,0,3,0,0,0,9,26,7,6,58
Aug-24,PAIN,Paragon International,7347,23,70,0.32,0,0,0,21364,13306,11,900,VV,27,8,105000,8400,FALSE,TRUE,0,37.72,29.63,0.32,0,No Credit,0,Yes,FALSE,0.95,0,10.71,0.05,0,2,15,3,3,0,3,3,0,2,0,14,0,10,0,41
Aug-24,STEX,Storex,7036,92,187,1.5,2,0,1259,18108,8954,798,1313,VV,62,26,105000,8400,FALSE,TRUE,0,50.55,41.94,1.5,2.17,No Credit,0,Yes,FALSE,2.66,0,15.63,4.41,17.89,12,15,2,3,0,3,3,0,0,0,12,0,7,6,51
Aug-24,WICA,Winsome Trading Inc (Canada),6905,44,388,1.11,4,40,6905,19556,11658,1299,-896,VV,5,0,105000,8400,FALSE,TRUE,0,40.38,0,1.11,9.09,No Credit,90.91,Yes,FALSE,5.61,0,-10.67,6.64,100,4,0,3,1,0,0,3,0,0,0,7,0,4,10,25
Aug-24,ENGL,ENGLACHA USA INC,6864,45,171,0.62,0,45,167,39808,22415,4240,7257,VV,0,0,105000,8400,FALSE,TRUE,0,43.69,0,0.62,0,No Credit,100,Yes,FALSE,2.48,0,86.39,10.65,2.43,7,8,3,3,0,0,3,0,1,0,10,19,0,0,44
Aug-24,MRUG,Momeni Inc.,6816,45,1645,1.73,8,37,2009,40409,26201,1205,1522,VV,88,10,105000,8400,FALSE,TRUE,0,35.16,11.36,1.73,17.78,No Credit,82.22,Yes,FALSE,24.14,0,18.12,2.98,29.48,0,5,2,0,0,0,3,0,0,0,5,0,9,10,29
Aug-24,DRIL,Drill America,6732,195,1385,1.61,1,14,2411,46965,21831,618,4965,VV,909,447,105000,8400,FALSE,TRUE,0,53.52,49.17,1.61,0.51,No Credit,7.18,Yes,FALSE,20.57,0,59.11,1.32,35.82,14,15,2,3,0,2,3,0,0,0,10,5,10,10,64
Aug-24,CECS,Convenience Concepts,6477,75,286,1.46,5,36,2207,82441,46310,4639,6168,VV,263,12,105000,8400,FALSE,TRUE,0,43.83,4.56,1.46,6.67,No Credit,48,Yes,FALSE,4.41,0,73.43,5.63,34.08,7,0,2,2,0,0,3,0,0,0,7,12,5,10,41
Aug-24,JOTY,JOYTOY,6370,145,1,4.07,35,8,428,4435,3478,325,291,SPV,13,5,105000,8400,FALSE,TRUE,0,21.57,38.46,4.07,24.14,No Credit,5.52,Yes,TRUE,0.02,0,3.46,7.33,6.72,0,15,0,0,0,3,3,3,3,0,12,0,3,1,31
Aug-24,HAMI,HamiltonBuhl,6069,53,173,0.12,1,6,1071,28278,20889,785,2246,VV,55,34,105000,8400,FALSE,TRUE,0,26.13,61.82,0.12,1.89,No Credit,11.32,Yes,FALSE,2.85,0,26.74,2.77,17.64,0,15,3,3,0,2,3,0,0,0,11,0,9,6,41
Aug-24,WHIT,Whitney Bros. Co.,6035,15,46,3.35,1,0,820,13571,9433,0,994,VV,14,8,105000,8400,FALSE,TRUE,0,30.49,57.14,3.35,6.67,No Credit,0,Yes,FALSE,0.76,0,11.83,0,13.59,0,15,0,2,0,3,3,0,3,0,11,0,10,4,40
Aug-24,GLDS,Golden Designs Incorporated,5894,2,0,2.33,0,1,0,42666,26650,107,3760,VV,0,0,105000,8400,FALSE,TRUE,0,37.54,0,2.33,0,No Credit,50,Yes,FALSE,0,0,44.77,0.25,0,2,8,1,3,0,0,3,0,3,0,10,0,10,0,30
Aug-24,EWST,East West Furniture,5804,13,325,1.77,1,5,4707,36834,20606,3195,2040,VV,111,2,105000,8400,FALSE,TRUE,0,44.06,1.8,1.77,7.69,No Credit,38.46,Yes,FALSE,5.6,0,24.29,8.67,81.11,7,0,2,2,0,0,3,0,0,0,7,0,2,10,26
Aug-24,SIML,Simpli Home,5783,14,203,1.51,0,1,4516,15644,9668,2696,1209,VV,43,1,105000,8400,FALSE,TRUE,0,38.2,2.33,1.51,0,No Credit,7.14,Yes,FALSE,3.51,0,14.39,17.24,78.1,2,0,2,3,0,2,3,0,0,0,11,0,0,10,22
Aug-24,AIMS,AIMS Power,5485,14,308,1.2,0,1,1785,54553,39685,533,5745,VV,4,0,105000,8400,FALSE,TRUE,0,27.25,0,1.2,0,No Credit,7.14,Yes,FALSE,5.62,0,68.39,0.98,32.54,0,0,3,3,0,2,3,0,0,0,11,10,10,10,41
Aug-24,GLDP,GLD Products,5441,49,361,0.2,0,1,1169,41766,21443,2330,4152,VV,34,3,105000,8400,FALSE,TRUE,0,48.66,8.82,0.2,0,No Credit,2.04,Yes,FALSE,6.64,0,49.43,5.58,21.49,10,3,3,3,0,3,3,0,0,0,12,0,6,8,39
Aug-24,RMMG,ROLAND MEINL MUSIKINSTRUMENTE GMBH & CO. KG,5348,34,158,1.07,0,2,859,34430,17664,3295,6677,VV,0,0,105000,8400,FALSE,TRUE,0,48.7,0,1.07,0,No Credit,5.88,Yes,FALSE,2.96,0,79.49,9.57,16.07,10,8,3,3,0,2,3,0,0,0,11,15,1,6,51
Aug-24,GVDS,Grain Valley Dog Supply LLC,5315,28,290,1.7,0,19,1468,13143,8963,1268,978,VV,4,1,105000,8400,FALSE,TRUE,0,31.8,25,1.7,0,No Credit,67.86,Yes,FALSE,5.46,0,11.64,9.65,27.61,0,15,2,3,0,0,3,0,0,0,8,0,0,10,33
Aug-24,INGM,Ingram Micro,5247,21,159,5.95,9,12,704,20142,15482,694,1378,VV,14,0,105000,8400,FALSE,TRUE,0,23.14,0,5.95,42.86,No Credit,57.14,Yes,FALSE,3.02,0,16.41,3.45,13.41,0,0,0,0,0,0,3,0,0,0,3,0,8,4,15
Aug-24,FIST,First Team Sports Inc.,5221,10,288,2.16,0,10,0,44516,28855,339,4683,VV,1,1,105000,8400,FALSE,TRUE,0,35.18,100,2.16,0,No Credit,100,Yes,FALSE,5.52,0,55.74,0.76,0,0,15,1,3,0,0,3,0,0,0,7,3,10,0,35
Aug-24,MHST,macphersonart,5183,134,684,1.26,29,1,1377,26515,10165,1454,3042,VV,26,3,105000,8400,FALSE,TRUE,0,61.66,11.54,1.26,21.64,No Credit,0.75,Yes,FALSE,13.19,0,36.22,5.49,26.57,15,5,3,0,0,3,3,0,0,0,9,0,6,10,45
Aug-24,INTE,International Riding Helmets,4807,29,27,1.72,0,14,163,24155,11645,2624,6043,VV,2,2,105000,8400,FALSE,TRUE,0,51.79,100,1.72,0,No Credit,48.28,Yes,FALSE,0.56,0,71.94,10.86,3.38,13,15,2,3,0,0,3,0,3,0,11,11,0,0,50
Aug-24,UNAU,Unity Automotive,4742,20,1150,1.28,0,16,4742,11354,5445,243,1240,VV,0,0,105000,8400,FALSE,TRUE,0,52.04,0,1.28,0,No Credit,80,Yes,FALSE,24.25,0,14.76,2.14,100,13,8,3,3,0,0,3,0,0,0,9,0,10,10,50
Aug-24,AGMG,AGM Group,4725,40,208,1.44,0,40,91,34434,20530,2257,2299,VV,64,43,105000,8400,FALSE,TRUE,0,40.38,67.19,1.44,0,No Credit,100,Yes,FALSE,4.39,0,27.36,6.55,1.92,4,15,2,3,0,0,3,0,0,0,8,0,4,0,31
Aug-24,MIGA,Migali,4591,3,0,5.79,0,3,0,22152,16965,890,2183,SPV,0,0,105000,8400,FALSE,TRUE,0,23.41,0,5.79,0,No Credit,100,Yes,TRUE,0,0,25.99,4.02,0,0,8,0,3,0,0,3,3,3,0,12,0,7,0,27
Aug-24,EURO,European Gift & Houseware,4474,7,1,3.61,0,7,158,4735,3646,0,275,SPV,0,0,105000,8400,FALSE,TRUE,0,22.99,0,3.61,0,No Credit,100,Yes,TRUE,0.02,0,3.27,0,3.53,0,8,0,3,0,0,3,3,3,0,12,0,10,0,30
Aug-24,THUN,Thunderball Marketing,4473,24,24,1.44,3,21,699,124821,85456,11993,12229,VV,2,1,105000,8400,FALSE,TRUE,0,31.54,50,1.44,12.5,No Credit,87.5,Yes,FALSE,0.54,0,145.59,9.61,15.63,0,15,2,1,0,0,3,0,3,0,9,26,0,5,55
Aug-24,GIFT,Giftmark Inc.,4364,52,225,2.02,1,1,983,34074,21901,1486,1865,VV,16,8,105000,8400,FALSE,TRUE,0,35.72,50,2.02,1.92,No Credit,1.92,Yes,FALSE,5.15,0,22.2,4.36,22.52,1,15,1,3,0,3,3,0,0,0,10,0,7,9,42
Aug-24,CLAC,CLASSIC ACCESSORIES,4295,17,431,3.46,0,1,3552,10507,6044,477,1062,VV,58,3,105000,8400,FALSE,TRUE,0,42.48,5.17,3.46,0,No Credit,5.88,Yes,FALSE,10.04,0,12.64,4.54,82.69,6,0,0,3,0,2,3,0,0,0,8,0,7,10,31
Aug-24,BEIS,The Beistle Company,4110,44,199,0.5,1,7,1470,21125,11575,1933,2709,VV,117,63,105000,8400,FALSE,TRUE,0,45.21,53.85,0.5,2.27,No Credit,15.91,Yes,FALSE,4.83,0,32.24,9.15,35.76,8,15,3,3,0,1,3,0,0,0,10,0,1,10,44
Aug-24,DRUM,Drum Workshop Inc.,4027,26,65,3.06,0,26,269,12526,7866,945,1486,VV,2,2,105000,8400,FALSE,TRUE,0,37.21,100,3.06,0,No Credit,100,Yes,FALSE,1.63,0,17.69,7.54,6.69,2,15,0,3,0,0,3,0,2,0,8,0,3,1,29
Aug-24,QUTM,Quantum Storage,3933,36,206,6.03,2,34,0,3476,1834,399,215,VV,83,42,105000,8400,FALSE,TRUE,0,47.24,50.6,6.03,5.56,No Credit,94.44,Yes,FALSE,5.24,0,2.56,11.49,0,9,15,0,2,0,0,3,0,0,0,5,0,0,0,29
Aug-24,TOPD,TopDawg,3819,103,80,1.9,11,82,1329,26015,12935,1749,2240,VV,125,86,105000,8400,FALSE,TRUE,0,50.28,68.8,1.9,10.68,No Credit,79.61,Yes,FALSE,2.1,0,26.67,6.72,34.8,11,15,2,1,0,0,3,0,1,0,7,0,4,10,47
Aug-24,PEAR,Pearl Mantels Corp.,3738,4,168,2.14,0,3,1198,4862,2323,1127,963,VV,8,2,105000,8400,FALSE,TRUE,0,52.22,25,2.14,0,No Credit,75,Yes,FALSE,4.49,0,11.47,23.18,32.05,13,15,1,3,0,0,3,0,0,0,7,0,0,10,45
Aug-24,ACCU,Accuratime,3734,37,136,1.92,1,0,623,46840,35351,6679,2288,VV,26,16,105000,8400,FALSE,TRUE,0,24.53,61.54,1.92,2.7,No Credit,0,Yes,FALSE,3.65,0,27.24,14.26,16.68,0,15,2,3,0,3,3,0,0,0,10,0,0,6,32
Aug-24,PRMA,Prepac Manufacturing Ltd,3726,15,0,2.78,0,0,2216,22755,13471,1894,1525,VV,0,0,105000,8400,FALSE,TRUE,0,40.8,0,2.78,0,No Credit,0,Yes,FALSE,0,0,18.16,8.32,59.47,4,8,0,3,0,3,3,0,3,0,12,0,2,10,36
Aug-24,YANC,Yanco International Inc,3630,21,43,0.18,0,21,697,17090,11747,190,1084,VV,0,0,105000,8400,FALSE,TRUE,0,31.26,0,0.18,0,No Credit,100,Yes,FALSE,1.19,0,12.91,1.11,19.19,0,8,3,3,0,0,3,0,2,0,11,0,10,7,36
Aug-24,ANAA,Anaa Inc,3573,90,432,1.94,26,0,3573,23606,15694,895,1809,VV,2,2,105000,8400,FALSE,TRUE,0,33.52,100,1.94,28.89,No Credit,0,Yes,FALSE,12.09,0,21.53,3.79,100,0,15,2,0,0,3,3,0,0,0,8,0,8,10,41
Aug-24,MCKC,MCKLEIN COMPANY LLC,3559,24,121,1.21,0,24,728,19338,13181,856,1062,VV,43,2,105000,8400,FALSE,TRUE,0,31.84,4.65,1.21,0,No Credit,100,Yes,FALSE,3.39,0,12.65,4.43,20.45,0,0,3,3,0,0,3,0,0,0,9,0,7,8,24
Aug-24,OREI,ORE International,3542,38,295,1.06,5,1,2368,11359,6164,1514,733,VV,42,7,105000,8400,FALSE,TRUE,0,45.74,16.67,1.06,13.16,No Credit,2.63,Yes,FALSE,8.33,0,8.73,13.33,66.84,8,9,3,0,0,3,3,0,0,0,9,0,0,10,36
Aug-24,DIAM,Diamond Bar Outdoors,3531,2,0,1.53,0,2,1933,22269,12060,200,2805,VV,2,0,105000,8400,FALSE,TRUE,0,45.85,0,1.53,0,No Credit,100,Yes,FALSE,0,0,33.39,0.9,54.75,8,0,2,3,0,0,3,0,3,0,11,0,10,10,39
Aug-24,ZRSS,ZALMAN  REISS AND ASSOCIATES INC.,3469,107,98,3.7,1,9,274,12868,8506,1043,825,VV,30,7,105000,8400,FALSE,TRUE,0,33.9,23.33,3.7,0.93,No Credit,8.41,Yes,FALSE,2.83,0,9.82,8.11,7.9,0,14,0,3,0,2,3,0,0,0,8,0,2,1,25
Aug-24,CIMR,Cimarron Sports,3461,12,44,3.33,1,0,397,30652,21119,552,2209,VV,3,0,105000,8400,FALSE,TRUE,0,31.1,0,3.33,8.33,No Credit,0,Yes,FALSE,1.29,0,26.3,1.8,11.47,0,0,0,2,0,3,3,0,2,0,10,0,10,3,23
Aug-24,FLIP,Flipside Products,3461,36,118,10.38,0,0,252,3778,2177,0,282,VV,34,4,105000,8400,FALSE,TRUE,0,42.4,11.76,10.38,0,No Credit,0,Yes,FALSE,3.4,0,3.36,0,7.28,6,5,0,3,0,3,3,0,0,0,9,0,10,1,31
Aug-24,ELEG,Elegant Lighting,3460,6,198,3.1,0,1,1461,28553,14376,4792,3754,VV,11,1,105000,8400,FALSE,TRUE,0,49.65,9.09,3.1,0,No Credit,16.67,Yes,FALSE,5.72,0,44.69,16.78,42.22,11,3,0,3,0,1,3,0,0,0,7,0,0,10,31
Aug-24,MAPC,Made PC,3428,12,61,4.89,1,0,92,18378,13327,0,2238,VV,2,1,105000,8400,FALSE,TRUE,0,27.48,50,4.89,8.33,No Credit,0,Yes,FALSE,1.77,0,26.64,0,2.69,0,15,0,2,0,3,3,0,1,0,9,0,10,0,34
Aug-24,ECOH,Eco Harmony Products Inc.,3403,19,139,3.59,0,0,0,3028,1726,0,604,VV,0,0,105000,8400,FALSE,TRUE,0,42.99,0,3.59,0,No Credit,0,Yes,FALSE,4.09,0,7.19,0,0,6,8,0,3,0,3,3,0,0,0,9,0,10,0,33
Aug-24,GOWO,GOLDWOOD SOUND INC,3277,32,178,2.32,1,31,1292,19405,11899,1836,2038,VV,4,0,105000,8400,FALSE,TRUE,0,38.68,0,2.32,3.13,No Credit,96.88,Yes,FALSE,5.42,0,24.26,9.46,39.43,3,0,1,3,0,0,3,0,0,0,7,0,1,10,21
Aug-24,CRIM,Crimson AV LLC,3266,17,110,2.06,0,1,472,20203,13590,758,2928,VV,0,0,105000,8400,FALSE,TRUE,0,32.73,0,2.06,0,No Credit,5.88,Yes,FALSE,3.37,0,34.86,3.75,14.45,0,8,1,3,0,2,3,0,0,0,10,0,8,5,30
Aug-24,SUNT,Sunset Trading,3218,4,36,1.44,0,2,954,46285,31924,4239,2883,VV,16,4,105000,8400,FALSE,TRUE,0,31.03,25,1.44,0,No Credit,50,Yes,FALSE,1.12,0,34.32,9.16,29.64,0,15,2,3,0,0,3,0,2,0,11,0,1,10,36
Aug-24,WOOD,WOODLINK,3197,50,122,1.21,0,1,451,101551,56001,4088,8148,VV,66,38,105000,8400,FALSE,TRUE,0,44.85,57.58,1.21,0,No Credit,2,Yes,FALSE,3.82,0,97,4.03,14.1,7,15,3,3,0,3,3,0,0,0,12,24,7,5,70
Aug-24,PETR,Petra Industries LLC,3037,51,315,2.23,2,49,1249,26972,14498,735,2244,VV,56,7,105000,8400,FALSE,TRUE,0,46.25,12.5,2.23,3.92,No Credit,96.08,Yes,FALSE,10.38,0,26.71,2.72,41.13,8,6,1,3,0,0,3,0,0,0,7,0,9,10,40
Aug-24,CALL,Cal Lighting,3021,16,346,2.44,1,0,412,9065,5754,378,631,VV,0,0,105000,8400,FALSE,TRUE,0,36.52,0,2.44,6.25,No Credit,0,Yes,FALSE,11.45,0,7.51,4.17,13.65,1,8,1,2,0,3,3,0,0,0,9,0,7,4,29
Aug-24,BUFF,NEW BUFFALO CORPORATION,2992,7,444,1.22,0,1,2966,8072,4435,150,440,VV,8,1,105000,8400,FALSE,TRUE,0,45.06,12.5,1.22,0,No Credit,14.29,Yes,FALSE,14.85,0,5.24,1.86,99.1,8,6,3,3,0,1,3,0,0,0,10,0,10,10,44
Aug-24,DOGB,EVCO International d/b/a Creative Home,2709,34,246,1.24,0,34,165,13396,6111,1463,1676,VV,11,2,105000,8400,FALSE,TRUE,0,54.38,18.18,1.24,0,No Credit,100,Yes,FALSE,9.08,0,19.95,10.92,6.08,15,10,3,3,0,0,3,0,0,0,9,0,0,1,35
Aug-24,KEHE,KEHE,2678,37,335,5.22,0,1,1670,13480,6516,1026,1113,VV,16,4,105000,8400,FALSE,TRUE,0,51.67,25,5.22,0,No Credit,2.7,Yes,FALSE,12.5,0,13.25,7.61,62.38,12,15,0,3,0,3,3,0,0,0,9,0,3,10,49
Aug-24,KALA,Kalalou,2665,20,51,3.4,8,12,2212,7908,4087,1860,547,VV,43,20,105000,8400,FALSE,TRUE,0,48.31,46.51,3.4,40,No Credit,60,Yes,FALSE,1.9,0,6.52,23.52,83.01,10,15,0,0,0,0,3,0,1,0,4,0,0,10,39
Aug-24,ALTA,Atlantic Furniture,2624,9,147,1.31,0,0,146,21616,12545,895,1928,VV,6,0,105000,8400,FALSE,TRUE,0,41.96,0,1.31,0,No Credit,0,Yes,FALSE,5.61,0,22.95,4.14,5.55,5,0,3,3,0,3,3,0,0,0,12,0,7,0,24
Aug-24,MASV,MasterVision,2567,32,115,1.72,0,1,24,11541,5267,1945,589,VV,25,11,105000,8400,FALSE,TRUE,0,54.36,44,1.72,0,No Credit,3.13,Yes,FALSE,4.49,0,7.01,16.85,0.93,15,15,2,3,0,3,3,0,0,0,11,0,0,0,41
Aug-24,FURI,LLYTECH Inc.,2561,45,210,1.47,7,11,1229,17027,6775,505,1093,VV,109,1,105000,8400,FALSE,TRUE,0,60.21,0.92,1.47,15.56,No Credit,24.44,Yes,FALSE,8.18,0,13.01,2.97,47.99,15,0,2,0,0,0,3,0,0,0,5,0,9,10,39
Aug-24,OXPL,Olliix PL,2499,13,26,2.9,0,2,1866,6143,3676,709,705,VV,27,27,105000,8400,FALSE,TRUE,0,40.16,100,2.9,0,No Credit,15.38,Yes,FALSE,1.04,0,8.39,11.54,74.67,4,15,0,3,0,1,3,0,2,0,10,0,0,10,38
Aug-24,PAAS,Paasche Airbrush Company,2478,25,228,1.29,0,0,2478,14862,8641,429,1233,VV,10,7,105000,8400,FALSE,TRUE,0,41.86,70,1.29,0,No Credit,0,Yes,FALSE,9.2,0,14.68,2.89,100,5,15,3,3,0,3,3,0,0,0,12,0,9,10,51
Aug-24,COWA,Commercial Water Distributing,2435,31,210,1.36,1,17,899,59736,25647,1237,6779,VV,27,9,105000,8400,FALSE,TRUE,0,57.07,33.33,1.36,3.23,No Credit,54.84,Yes,FALSE,8.61,0,80.71,2.07,36.91,15,15,2,3,0,0,3,0,0,0,8,16,10,10,74
Aug-24,GAMA,Gama Sonic USA Inc.,2405,4,279,0.8,0,0,2405,27927,16390,2411,4730,VV,0,0,105000,8400,FALSE,TRUE,0,41.31,0,0.8,0,No Credit,0,Yes,FALSE,11.62,0,56.31,8.63,100,5,8,3,3,0,3,3,0,0,0,12,3,2,10,40
Aug-24,LWME,LW MEASUREMENTS,2346,15,116,0.71,4,11,549,40168,22679,1815,8076,VV,9,7,105000,8400,FALSE,TRUE,0,43.54,77.78,0.71,26.67,No Credit,73.33,Yes,FALSE,4.93,0,96.14,4.52,23.39,6,15,3,0,0,0,3,0,0,0,6,24,7,9,67
Aug-24,LEEM,Lee Mar Pet Supplies,2280,71,88,2.2,11,27,789,27312,15224,369,1990,VV,1,0,105000,8400,FALSE,TRUE,0,44.26,0,2.2,15.49,No Credit,38.03,Yes,FALSE,3.86,0,23.69,1.35,34.61,7,0,1,0,0,0,3,0,0,0,4,0,10,10,31
Aug-24,BLOM,Bloomfield Manufacturing Company,2275,11,176,1.81,1,10,568,10518,6817,106,594,VV,12,4,105000,8400,FALSE,TRUE,0,35.19,33.33,1.81,9.09,No Credit,90.91,Yes,FALSE,7.74,0,7.07,1.01,24.98,0,15,2,1,0,0,3,0,0,0,6,0,10,10,41
Aug-24,VTIM,VTI Manufacturing Inc.,2263,7,47,1.74,0,0,0,22869,16519,1414,1467,VV,19,19,105000,8400,FALSE,TRUE,0,27.77,100,1.74,0,No Credit,0,Yes,FALSE,2.1,0,17.46,6.18,0,0,15,2,3,0,3,3,0,1,0,12,0,5,0,32
Aug-24,HAPE,Hape International,2194,25,38,4.29,1,24,82,10591,5685,1409,1553,VV,2,1,105000,8400,FALSE,TRUE,0,46.32,50,4.29,4,No Credit,96,Yes,FALSE,1.74,0,18.49,13.3,3.74,8,15,0,3,0,0,3,0,2,0,7,0,0,0,31
Aug-24,NPDT,New Pacific Direct,2184,8,51,1.92,2,6,1751,19106,9424,1369,2410,VV,0,0,105000,8400,FALSE,TRUE,0,50.67,0,1.92,25,No Credit,75,Yes,FALSE,2.34,0,28.7,7.16,80.17,12,8,2,0,0,0,3,0,1,0,5,0,4,10,40
Aug-24,CITI,Citizen Watch Company of America Inc,2176,27,164,3.78,5,22,1259,35323,19542,2892,4531,VV,3,1,105000,8400,FALSE,TRUE,0,44.68,33.33,3.78,18.52,No Credit,81.48,Yes,FALSE,7.51,0,53.94,8.19,57.85,7,15,0,0,0,0,3,0,0,0,3,2,2,10,39
Aug-24,DASI,DAS Inc,2173,36,206,1.93,15,7,1466,19743,13302,1298,-150,VV,51,6,105000,8400,FALSE,TRUE,0,32.62,11.76,1.93,41.67,No Credit,19.44,Yes,FALSE,9.49,0,-1.78,6.57,67.45,0,5,2,0,0,1,3,0,0,0,5,0,4,10,25
Aug-24,ADVA,Advanced Graphics,2171,43,246,2.41,2,41,2171,10227,4398,472,1104,VV,0,0,105000,8400,FALSE,TRUE,0,57,0,2.41,4.65,No Credit,95.35,Yes,FALSE,11.34,0,13.14,4.61,100,15,8,1,2,0,0,3,0,0,0,6,0,7,10,46
Aug-24,INTS,Industry Tech Sales,2169,30,28,3.76,2,4,197,9498,7008,234,509,VV,3,1,105000,8400,FALSE,TRUE,0,26.22,33.33,3.76,6.67,No Credit,13.33,Yes,FALSE,1.3,0,6.06,2.46,9.08,0,15,0,2,0,2,3,0,2,0,8,0,9,2,35
Aug-24,CDIS,Cb Distributing,2154,52,118,0.08,0,52,919,31644,14024,3152,9349,VV,82,32,105000,8400,FALSE,TRUE,0,55.68,39.02,0.08,0,No Credit,100,Yes,FALSE,5.47,0,111.3,9.96,42.63,15,15,3,3,0,0,3,0,0,0,9,26,0,10,75
Aug-24,OSON,Ottomanson,2143,4,672,2.4,1,0,743,4414,2095,1880,401,VV,0,0,105000,8400,FALSE,TRUE,0,52.54,0,2.4,25,No Credit,0,Yes,FALSE,31.38,0,4.77,42.59,34.67,13,8,1,0,0,3,3,0,0,0,7,0,0,10,38
Aug-24,YUSH,Yu Shan Co. USA Ltd.,2099,19,197,1.88,0,19,505,29293,16094,1182,1880,VV,103,0,105000,8400,FALSE,TRUE,0,45.06,0,1.88,0,No Credit,100,Yes,FALSE,9.4,0,22.38,4.04,24.05,8,0,2,3,0,0,3,0,0,0,8,0,7,10,33
Aug-24,VIAI,VIAIR Corporation,2091,6,80,1.57,0,0,597,12509,8325,438,1361,VV,1,0,105000,8400,FALSE,TRUE,0,33.44,0,1.57,0,No Credit,0,Yes,FALSE,3.81,0,16.2,3.5,28.56,0,0,2,3,0,3,3,0,0,0,11,0,8,10,29
Aug-24,WSHD,THE WOOD SHED,2012,10,46,3,0,1,0,11726,6917,978,1718,VV,0,0,105000,8400,FALSE,TRUE,0,41.01,0,3,0,No Credit,10,Yes,FALSE,2.27,0,20.46,8.34,0,5,8,0,3,0,2,3,0,1,0,9,0,2,0,24
Aug-24,VEVO,Vevor US,2005,21,0,3.08,8,0,2005,13654,11054,1075,386,SPV,0,0,105000,8400,FALSE,TRUE,0,19.04,0,3.08,38.1,No Credit,0,Yes,TRUE,0.01,0,4.6,7.88,100,0,8,0,0,0,3,3,3,3,0,12,0,3,10,33
Aug-24,VOCO,VocoPro,1980,3,17,0.75,1,2,0,8881,4959,2334,2253,VV,0,0,105000,8400,FALSE,TRUE,0,44.16,0,0.75,33.33,No Credit,66.67,Yes,FALSE,0.84,0,26.82,26.28,0,7,8,3,0,0,0,3,0,3,0,9,0,0,0,24
Aug-24,HOCR,Home Comfort Rugs,1972,32,228,2.05,0,32,225,3479,1622,0,386,VV,0,0,105000,8400,FALSE,TRUE,0,53.37,0,2.05,0,No Credit,100,Yes,FALSE,11.57,0,4.6,0,11.4,14,8,1,3,0,0,3,0,0,0,7,0,10,3,42
Aug-24,LMOD,LeisureMod,1940,11,58,2.32,0,6,430,53566,35112,1861,2216,VV,68,14,105000,8400,FALSE,TRUE,0,34.45,20.59,2.32,0,No Credit,54.55,Yes,FALSE,2.98,0,26.38,3.47,22.15,0,12,1,3,0,0,3,0,0,0,7,0,8,9,36
Aug-24,FOXL,Fox Luggage Inc,1933,30,179,1.41,1,5,620,10181,4850,1020,881,VV,42,4,105000,8400,FALSE,TRUE,0,52.36,9.52,1.41,3.33,No Credit,16.67,Yes,FALSE,9.27,0,10.49,10.02,32.07,13,3,2,3,0,1,3,0,0,0,9,0,0,10,35
Aug-24,WMAL,Wooden Mallet,1929,10,397,1.03,0,0,970,29309,18115,121,1393,VV,68,4,105000,8400,FALSE,TRUE,0,38.19,5.88,1.03,0,No Credit,0,Yes,FALSE,20.6,0,16.59,0.41,50.28,2,1,3,3,0,3,3,0,0,0,12,0,10,10,35
Aug-24,CHAP,Chapmans LT Plus LLC,1867,6,57,1.85,0,6,322,7279,4711,1052,863,VV,1,1,105000,8400,FALSE,TRUE,0,35.27,100,1.85,0,No Credit,100,Yes,FALSE,3.06,0,10.27,14.46,17.26,0,15,2,3,0,0,3,0,0,0,8,0,0,6,29
Aug-24,MONR,Monarch Specialties,1865,13,241,2.28,1,2,1233,16650,9712,510,450,VV,47,3,105000,8400,FALSE,TRUE,0,41.67,6.38,2.28,7.69,No Credit,15.38,Yes,FALSE,12.91,0,5.35,3.06,66.12,5,1,1,2,0,1,3,0,0,0,7,0,9,10,32
Aug-24,MRRY,Merry Products,1779,12,296,2,2,10,1724,9645,4797,965,1245,VV,16,4,105000,8400,FALSE,TRUE,0,50.26,25,2,16.67,No Credit,83.33,Yes,FALSE,16.63,0,14.82,10,96.91,11,15,2,0,0,0,3,0,0,0,5,0,0,10,41
Aug-24,YMLG,YML GROUP INC,1773,36,144,0.13,0,26,427,16851,8406,1127,774,VV,47,24,105000,8400,FALSE,TRUE,0,50.12,51.06,0.13,0,No Credit,72.22,Yes,FALSE,8.14,0,9.21,6.69,24.05,11,15,3,3,0,0,3,0,0,0,9,0,4,10,49
Aug-24,UGSC,UNITED GENERAL SUPPLY CO INC,1750,10,51,1.52,0,7,266,16938,11105,317,799,VV,19,5,105000,8400,FALSE,TRUE,0,34.44,26.32,1.52,0,No Credit,70,Yes,FALSE,2.89,0,9.51,1.87,15.18,0,15,2,3,0,0,3,0,0,0,8,0,10,5,38
Aug-24,MONA,Monahan Products LLC,1685,39,342,2.55,0,1,85,884,415,0,-33,VV,0,0,105000,8400,FALSE,TRUE,0,53.07,0,2.55,0,No Credit,2.56,Yes,FALSE,20.27,0,-0.4,0,5.06,14,8,1,3,0,3,3,0,0,0,10,0,10,0,42
Aug-24,VVWH,WHYNTER LLC,1670,1,0,6.75,0,0,1670,10277,6436,437,1024,VV,0,0,105000,8400,FALSE,TRUE,0,37.37,0,6.75,0,No Credit,0,Yes,FALSE,0,0,12.19,4.25,100,2,8,0,3,0,3,3,0,3,0,12,0,7,10,39
Aug-24,RAZR,Razor USA LLC,1625,27,28,2.54,0,27,0,8303,5152,525,527,VV,0,0,105000,8400,FALSE,TRUE,0,37.95,0,2.54,0,No Credit,100,Yes,FALSE,1.73,0,6.28,6.32,0,2,8,1,3,0,0,3,0,2,0,8,0,5,0,24
Aug-24,QUAL,QualArc,1617,4,10,9.54,0,4,0,35471,24194,2040,3109,VV,58,25,105000,8400,FALSE,TRUE,0,31.79,43.1,9.54,0,No Credit,100,Yes,FALSE,0.6,0,37.01,5.75,0,0,15,0,3,0,0,3,0,3,0,9,0,5,0,29
Aug-24,ALGO,Algoma Net Company,1612,17,37,1.78,0,0,235,7118,3975,443,337,VV,19,4,105000,8400,FALSE,TRUE,0,44.16,21.05,1.78,0,No Credit,0,Yes,FALSE,2.32,0,4.01,6.23,14.59,7,12,2,3,0,3,3,0,1,0,12,0,5,5,41
Aug-24,ATCI,All Things Cedar Inc,1594,17,0,9.99,13,4,0,5234,4321,17,-1636,VV,2,0,105000,8400,FALSE,TRUE,0,17.45,0,9.99,76.47,No Credit,23.53,Yes,FALSE,0,0,-19.47,0.33,0,0,0,0,0,0,0,3,0,3,0,6,0,10,0,16
Aug-24,DBAB,Tee-Zed Products LLC,1573,45,127,0.75,1,2,289,14348,6862,851,1360,VV,19,5,105000,8400,FALSE,TRUE,0,52.17,26.32,0.75,2.22,No Credit,4.44,Yes,FALSE,8.09,0,16.19,5.93,18.38,13,15,3,3,0,3,3,0,0,0,12,0,5,7,52
Aug-24,CHEU,Cheung's Rattan & Imports,1570,32,88,0.54,1,30,846,22201,9822,1458,1451,VV,135,61,105000,8400,FALSE,TRUE,0,55.76,45.19,0.54,3.13,No Credit,93.75,Yes,FALSE,5.58,0,17.28,6.57,53.86,15,15,3,3,0,0,3,0,0,0,9,0,4,10,53
Aug-24,GLOD,GloDea Store Corporation,1560,16,190,1.3,0,0,49,5897,2240,116,1230,VV,20,15,105000,8400,FALSE,TRUE,0,62.01,75,1.3,0,No Credit,0,Yes,FALSE,12.15,0,14.65,1.96,3.12,15,15,3,3,0,3,3,0,0,0,12,0,10,0,52
Aug-24,ARMN,ARMEN LIVING,1558,7,22,5.3,2,1,1558,43351,27749,3147,2605,VV,42,3,105000,8400,FALSE,TRUE,0,35.99,7.14,5.3,28.57,No Credit,14.29,Yes,FALSE,1.43,0,31.01,7.26,100,1,2,0,0,0,1,3,0,2,0,6,0,3,10,22
Aug-24,STPM,ST. PIERRE MFG,1486,16,86,1.15,0,16,216,32900,18697,715,2505,VV,8,2,105000,8400,FALSE,TRUE,0,43.17,25,1.15,0,No Credit,100,Yes,FALSE,5.8,0,29.82,2.17,14.51,6,15,3,3,0,0,3,0,0,0,9,0,10,5,45
Aug-24,ESPP,Essential Pet Products,1484,6,60,4.44,0,2,1484,6136,3246,1559,394,VV,3,0,105000,8400,FALSE,TRUE,0,47.1,0,4.44,0,No Credit,33.33,Yes,FALSE,4.01,0,4.69,25.41,100,9,0,0,3,0,0,3,0,0,0,6,0,0,10,25
Aug-24,PEPP,Prevue Pet Products.,1452,21,171,3.81,0,4,822,9121,4529,902,789,VV,85,4,105000,8400,FALSE,TRUE,0,50.34,4.71,3.81,0,No Credit,19.05,Yes,FALSE,11.78,0,9.4,9.89,56.65,12,0,0,3,0,1,3,0,0,0,7,0,0,10,29
Aug-24,MEDI,Medline Industries Inc,1440,31,32,2.4,4,2,1440,23934,17350,1406,1923,VV,0,0,105000,8400,FALSE,TRUE,0,27.51,0,2.4,12.9,No Credit,6.45,Yes,FALSE,2.21,0,22.89,5.88,100,0,8,1,0,0,2,3,0,1,0,8,0,5,10,30
Aug-24,EPPS,Emergency Preparedness Products,1437,41,0,4.95,4,37,1437,6970,4116,314,718,VV,24,6,105000,8400,FALSE,TRUE,0,40.95,25,4.95,9.76,No Credit,90.24,Yes,FALSE,0,0,8.55,4.51,100,4,15,0,1,0,0,3,0,3,0,7,0,7,10,43
Aug-24,APSA,APS Auto Parts Specialist Inc,1407,15,42,2.81,0,1,1407,26627,15501,4531,1721,VV,3,3,105000,8400,FALSE,TRUE,0,41.78,100,2.81,0,No Credit,6.67,Yes,FALSE,3.02,0,20.49,17.02,100,5,15,0,3,0,2,3,0,0,0,9,0,0,10,38
Aug-24,CWIL,CWI Lighting,1379,3,9,1.53,0,0,0,18050,9141,2998,3962,VV,15,12,105000,8400,FALSE,TRUE,0,49.36,80,1.53,0,No Credit,0,Yes,FALSE,0.62,0,47.17,16.61,0,11,15,2,3,0,3,3,0,3,0,14,0,0,0,40
Aug-24,BYOG,Byogo,1366,14,27,0.92,0,14,0,4434,3065,0,215,VV,4,3,105000,8400,FALSE,TRUE,0,30.87,75,0.92,0,No Credit,100,Yes,FALSE,1.96,0,2.56,0,0,0,15,3,3,0,0,3,0,1,0,10,0,10,0,35
Aug-24,DBST,dbest products Inc.,1363,8,8,3.86,0,0,1363,1458,813,47,87,VV,2,0,105000,8400,FALSE,TRUE,0,44.21,0,3.86,0,No Credit,0,Yes,FALSE,0.59,0,1.04,3.24,100,7,0,0,3,0,3,3,0,3,0,12,0,8,10,37
Aug-24,ETEC,Eitech America,1351,10,124,2.6,0,0,148,4911,3385,82,225,VV,28,1,105000,8400,FALSE,TRUE,0,31.08,3.57,2.6,0,No Credit,0,Yes,FALSE,9.15,0,2.68,1.67,10.99,0,0,1,3,0,3,3,0,0,0,10,0,10,3,23
Aug-24,LWSC,LW Scientific,1346,4,56,1.07,2,0,0,17137,12339,817,1766,VV,8,7,105000,8400,FALSE,TRUE,0,28,87.5,1.07,50,No Credit,0,Yes,FALSE,4.16,0,21.02,4.77,0,0,15,3,0,0,3,3,0,0,0,9,0,7,0,31
Aug-24,NEWS,New Spec,1334,4,47,1.91,0,0,0,1803,954,485,151,VV,4,2,105000,8400,FALSE,TRUE,0,47.08,50,1.91,0,No Credit,0,Yes,FALSE,3.52,0,1.8,26.9,0,9,15,2,3,0,3,3,0,0,0,11,0,0,0,35
Aug-24,SAND,SANDLOCK SANDBOX LLC.,1324,6,52,3.43,1,0,1147,1411,866,0,61,VV,2,1,105000,8400,FALSE,TRUE,0,38.63,50,3.43,16.67,No Credit,0,Yes,FALSE,3.96,0,0.73,0,86.62,3,15,0,0,0,3,3,0,0,0,6,0,10,10,44
Aug-24,BORA,Boraam Industries Inc.,1316,7,47,2.04,0,0,1067,15495,8390,256,2066,VV,32,3,105000,8400,FALSE,TRUE,0,45.85,9.38,2.04,0,No Credit,0,Yes,FALSE,3.56,0,24.6,1.65,81.12,8,3,1,3,0,3,3,0,0,0,10,0,10,10,41
Aug-24,MHCA,MOES Home CAN,1314,2,236,0,0,2,1314,694,501,0,1,VV,0,0,105000,8400,FALSE,TRUE,0,27.87,0,0,0,No Credit,100,Yes,FALSE,17.97,0,0.02,0,100,0,8,3,3,0,0,3,0,0,0,9,0,10,10,37
Aug-24,SIGM,Sigma Distributors Inc,1301,32,17,4.66,0,1,922,27482,13373,2505,1813,VV,156,7,105000,8400,FALSE,TRUE,0,51.34,4.49,4.66,0,No Credit,3.13,Yes,FALSE,1.34,0,21.58,9.12,70.84,12,0,0,3,0,3,3,0,2,0,11,0,1,10,34
Aug-24,CADC,Cadco Ltd./BK Mfg.,1301,8,78,1.59,0,7,860,29241,20323,1298,1560,VV,5,1,105000,8400,FALSE,TRUE,0,30.5,20,1.59,0,No Credit,87.5,Yes,FALSE,5.99,0,18.58,4.44,66.09,0,11,2,3,0,0,3,0,0,0,8,0,7,10,36
Aug-24,GLHF,Greenland Home Fashions,1289,13,23,3.22,0,13,950,14236,8541,1134,1227,VV,90,0,105000,8400,FALSE,TRUE,0,40.01,0,3.22,0,No Credit,100,Yes,FALSE,1.81,0,14.6,7.97,73.75,4,0,0,3,0,0,3,0,1,0,7,0,3,10,24
Aug-24,TIME,Pyramid Time Systems,1276,5,33,2.05,0,0,0,36272,25406,278,1130,VV,3,2,105000,8400,FALSE,TRUE,0,29.96,66.67,2.05,0,No Credit,0,Yes,FALSE,2.59,0,13.45,0.77,0,0,15,1,3,0,3,3,0,0,0,11,0,10,0,35
Aug-24,ANGL,Angeles Corporation,1276,7,13,3.89,0,1,0,7728,5276,0,420,VV,0,0,105000,8400,FALSE,TRUE,0,31.73,0,3.89,0,No Credit,14.29,Yes,FALSE,1.05,0,5,0,0,0,8,0,3,0,1,3,0,2,0,10,0,10,0,27
Aug-24,STOC,Storex Canada,1229,11,0,4.98,0,11,1229,2898,2438,122,77,SPV,0,0,105000,8400,FALSE,TRUE,0,15.88,0,4.98,0,No Credit,100,Yes,TRUE,0.01,0,0.92,4.22,100,0,8,0,3,0,0,3,3,3,0,12,0,7,10,37
Aug-24,CICO,C&I Collectables,1224,32,108,0.78,3,0,810,8510,3517,404,703,VV,106,93,105000,8400,FALSE,TRUE,0,58.68,87.74,0.78,9.38,No Credit,0,Yes,FALSE,8.84,0,8.36,4.75,66.17,15,15,3,1,0,3,3,0,0,0,10,0,7,10,57
Aug-24,GVIC,GARY VALENTI INC.,1214,4,20,0.01,0,4,1214,3591,2593,1497,197,VV,1,0,105000,8400,FALSE,TRUE,0,27.79,0,0.01,0,No Credit,100,Yes,FALSE,1.61,0,2.34,41.68,100,0,0,3,3,0,0,3,0,2,0,11,0,0,10,21
Aug-24,OCIE,Overseas Connectios Inc,1177,12,98,1.42,2,3,677,3494,1482,335,686,VV,14,3,105000,8400,FALSE,TRUE,0,57.6,21.43,1.42,16.67,No Credit,25,Yes,FALSE,8.29,0,8.17,9.57,57.55,15,12,2,0,0,0,3,0,0,0,5,0,1,10,43
Aug-24,ANEC,A&E CAGE CO,1175,7,27,1.33,0,7,0,12861,7214,1893,1462,VV,7,2,105000,8400,FALSE,TRUE,0,43.9,28.57,1.33,0,No Credit,100,Yes,FALSE,2.27,0,17.4,14.72,0,7,15,3,3,0,0,3,0,1,0,9,0,0,0,32
Aug-24,GOSA,Golden State Art,1169,29,72,3.52,0,29,688,16672,8244,2044,-1341,VV,10,10,105000,8400,FALSE,TRUE,0,50.55,100,3.52,0,No Credit,100,Yes,FALSE,6.13,0,-15.97,12.26,58.89,12,15,0,3,0,0,3,0,0,0,6,0,0,10,43
Aug-24,SUTY,Sunny Toys Inc,1159,27,135,0.16,0,2,698,7378,2892,302,683,VV,31,19,105000,8400,FALSE,TRUE,0,60.8,61.29,0.16,0,No Credit,7.41,Yes,FALSE,11.63,0,8.13,4.1,60.23,15,15,3,3,0,2,3,0,0,0,11,0,7,10,58
Aug-24,SOUT,Southern Enterprises Inc,1135,7,51,1.46,0,6,739,11041,7219,1214,540,VV,30,0,105000,8400,FALSE,TRUE,0,34.62,0,1.46,0,No Credit,85.71,Yes,FALSE,4.49,0,6.43,11,65.05,0,0,2,3,0,0,3,0,0,0,8,0,0,10,18
Aug-24,AQUA,EXCEL SPORTS SCIENCE,1129,21,222,0.71,0,12,596,20199,10305,1005,1669,VV,2,1,105000,8400,FALSE,TRUE,0,48.98,50,0.71,0,No Credit,57.14,Yes,FALSE,19.68,0,19.87,4.98,52.75,10,15,3,3,0,0,3,0,0,0,9,0,6,10,50
Aug-24,ALLT,All Things Cedar Inc ( CANADA),1114,2,98,1.88,0,2,1114,9487,5842,0,-12,VV,6,0,105000,8400,FALSE,TRUE,0,38.42,0,1.88,0,No Credit,100,Yes,FALSE,8.82,0,-0.14,0,100,3,0,2,3,0,0,3,0,0,0,8,0,10,10,31
Aug-24,ORBE,Orbelle Trading Co. Inc.,1023,5,27,1.27,0,0,788,1480,1001,490,82,VV,0,0,105000,8400,FALSE,TRUE,0,32.35,0,1.27,0,No Credit,0,Yes,FALSE,2.65,0,0.98,33.09,77.03,0,8,3,3,0,3,3,0,0,0,12,0,0,10,30
Aug-24,FMSY,Farm Supply,1022,7,150,2.02,0,0,840,11006,6811,0,741,VV,16,3,105000,8400,FALSE,TRUE,0,38.12,18.75,2.02,0,No Credit,0,Yes,FALSE,14.67,0,8.82,0,82.2,2,10,1,3,0,3,3,0,0,0,10,0,10,10,42
Aug-24,ALCA,Aller Air,1013,1,0,1.92,0,0,1013,722,516,72,22,VV,0,0,105000,8400,FALSE,TRUE,0,28.44,0,1.92,0,No Credit,0,Yes,FALSE,0,0,0.26,10,100,0,8,2,3,0,3,3,0,3,0,14,0,0,10,32
Aug-24,UMBR,Umbra Store,995,27,99,2.76,0,5,84,7567,3400,302,275,VV,0,0,105000,8400,FALSE,TRUE,0,55.07,0,2.76,0,No Credit,18.52,Yes,FALSE,9.92,0,3.28,3.99,8.42,15,8,0,3,0,1,3,0,0,0,7,0,8,2,40
Aug-24,BEBE,bellabeat,990,12,172,0.57,0,3,990,12432,7526,2474,2099,VV,0,0,105000,8400,FALSE,TRUE,0,39.46,0,0.57,0,No Credit,25,Yes,FALSE,17.38,0,24.99,19.9,100,3,8,3,3,0,0,3,0,0,0,9,0,0,10,30
Aug-24,KRLL,Kroll International LLC,971,10,147,2.95,0,0,971,2167,834,0,220,VV,0,0,105000,8400,FALSE,TRUE,0,61.51,0,2.95,0,No Credit,0,Yes,FALSE,15.1,0,2.62,0,100,15,8,0,3,0,3,3,0,0,0,9,0,10,10,52
Aug-24,RDIC,Rod Desyne Inc,966,11,49,1.36,1,10,966,14632,8323,1303,1301,VV,5,5,105000,8400,FALSE,TRUE,0,43.12,100,1.36,9.09,No Credit,90.91,Yes,FALSE,5.07,0,15.49,8.91,100,6,15,2,1,0,0,3,0,0,0,7,0,1,10,38
Aug-24,USSC,United States Stove Company,960,11,23,2.17,0,1,539,49745,33402,4873,2111,VV,11,4,105000,8400,FALSE,TRUE,0,32.85,36.36,2.17,0,No Credit,9.09,Yes,FALSE,2.36,0,25.13,9.8,56.14,0,15,1,3,0,2,3,0,1,0,10,0,0,10,35
Aug-24,HLTH,Healthnut Alternatives,956,8,8,1.62,0,0,0,4523,3493,144,188,VV,0,0,105000,8400,FALSE,TRUE,0,22.77,0,1.62,0,No Credit,0,Yes,FALSE,0.88,0,2.24,3.19,0,0,8,2,3,0,3,3,0,3,0,14,0,9,0,31
Aug-24,MODE,Modern Day Accents LLC,951,11,54,1.7,0,1,322,7740,3934,390,1448,VV,13,1,105000,8400,FALSE,TRUE,0,49.18,7.69,1.7,0,No Credit,9.09,Yes,FALSE,5.63,0,17.24,5.04,33.9,11,2,2,3,0,2,3,0,0,0,10,0,6,10,39
Aug-24,GTRS,GTR Simulator,927,1,49,1.97,0,1,927,2299,1287,241,621,VV,0,0,105000,8400,FALSE,TRUE,0,44.02,0,1.97,0,No Credit,100,Yes,FALSE,5.32,0,7.39,10.46,100,7,8,2,3,0,0,3,0,0,0,8,0,0,10,33
Aug-24,JOYC,Joy Carpets,914,5,6,7.87,0,4,716,4341,3101,0,181,VV,16,1,105000,8400,FALSE,TRUE,0,28.56,6.25,7.87,0,No Credit,80,Yes,FALSE,0.68,0,2.16,0,78.34,0,1,0,3,0,0,3,0,3,0,9,0,10,10,30
Aug-24,WMLG,Whiteline Modern Living,912,1,2,0.22,0,0,912,12943,7057,2613,423,VV,0,0,105000,8400,FALSE,TRUE,0,45.48,0,0.22,0,No Credit,0,Yes,FALSE,0.26,0,5.04,20.19,100,8,8,3,3,0,3,3,0,3,0,15,0,0,10,41
Aug-24,MOOR,MooreCo Inc,909,2,138,0,1,1,0,9033,6832,0,427,VV,5,3,105000,8400,FALSE,TRUE,0,24.36,60,0,50,No Credit,50,Yes,FALSE,15.14,0,5.08,0,0,0,15,3,0,0,0,3,0,0,0,6,0,10,0,31
Aug-24,CENP,Cenports,909,4,0,1.88,3,0,0,2003,1157,30,285,VV,1,1,105000,8400,FALSE,TRUE,0,42.24,100,1.88,75,No Credit,0,Yes,FALSE,0,0,3.39,1.5,0,5,15,2,0,0,3,3,0,3,0,11,0,10,0,41
Aug-24,ENDT,ESSENDANT,904,11,76,3.37,2,9,838,7699,4029,0,392,VV,9,4,105000,8400,FALSE,TRUE,0,47.67,44.44,3.37,18.18,No Credit,81.82,Yes,FALSE,8.39,0,4.67,0,92.67,9,15,0,0,0,0,3,0,0,0,3,0,10,10,47
Aug-24,ALCO,Alco Prevention,880,6,57,1.79,0,6,880,11356,7952,0,534,VV,0,0,105000,8400,FALSE,TRUE,0,29.97,0,1.79,0,No Credit,100,Yes,FALSE,6.46,0,6.35,0,100,0,8,2,3,0,0,3,0,0,0,8,0,10,10,36